{
  "custom.batimsong1": {
    "category": "master",
    "sounds": [
      {
        "name": "custom/batimsong1",
        "stream": false,
        "attenuation_distance": 48.0
      }
    ]
  },
  "custom.batimsong2": {
    "category": "master",
    "sounds": [
      {
        "name": "custom/batimsong2",
        "stream": false,
        "attenuation_distance": 48.0
      }
    ]
  },
  "custom.batimsong3": {
    "category": "master",
    "sounds": [
      {
        "name": "custom/batimsong3",
        "stream": false,
        "attenuation_distance": 48.0
      }
    ]
  },
  "custom.dextingsong1": {
    "category": "master",
    "sounds": [
      {
        "name": "custom/dextingsong1",
        "stream": false,
        "attenuation_distance": 48.0
      }
    ]
  },
  "custom.battlebussong1": {
    "category": "hostile",
    "sounds": [
      {
        "name": "custom/battlebussong1",
        "stream": false,
        "attenuation_distance": 48.0
      }
    ]
  },
  "custom.formidithemesong1": {
    "category": "master",
    "sounds": [
      {
        "name": "custom/formidithemesong1",
        "stream": false,
        "attenuation_distance": 48.0
      }
    ]
  }
}